GRID_ID,GRID_X,GRID_Y,SPACING_M,longitude,latitude
1,1604000.0,539000.0,1000,-117.63907367092304,49.54589841921097
2,1604000.0,540000.0,1000,-117.63744605232752,49.55483184186568
3,1604000.0,541000.0,1000,-117.6358178028648,49.56376512468906
4,1604000.0,542000.0,1000,-117.6341889221698,49.57269826783012
5,1605000.0,537000.0,1000,-117.62861834369086,49.52697064022217
6,1605000.0,538000.0,1000,-117.62698936799933,49.53590415133754
7,1605000.0,539000.0,1000,-117.62535976118482,49.54483752223079
8,1605000.0,540000.0,1000,-117.62372952288224,49.553770753050905
9,1605000.0,541000.0,1000,-117.62209865272614,49.56270384394659
10,1605000.0,542000.0,1000,-117.62046715035088,49.571636795066745
11,1605000.0,543000.0,1000,-117.61883501539046,49.580569606560424
12,1606000.0,536000.0,1000,-117.61654126248845,49.516974935438874
13,1606000.0,537000.0,1000,-117.61491030116818,49.52590839506798
14,1606000.0,538000.0,1000,-117.61327870810538,49.53484171423316
15,1606000.0,539000.0,1000,-117.61164648293469,49.543774893083246
16,1606000.0,540000.0,1000,-117.61001362529039,49.55270793176693
17,1606000.0,541000.0,1000,-117.60838013480661,49.56164083043292
18,1606000.0,542000.0,1000,-117.60674601111705,49.570573589230115
19,1606000.0,543000.0,1000,-117.6051112538552,49.57950620830749
20,1606000.0,544000.0,1000,-117.6034758626543,49.588438687813834
21,1607000.0,534000.0,1000,-117.60610172569649,49.49804419378307
22,1607000.0,535000.0,1000,-117.60446941271104,49.50697774281353
23,1607000.0,536000.0,1000,-117.60283646772999,49.51591115098986
24,1607000.0,537000.0,1000,-117.60120289038794,49.524844418460624
25,1607000.0,538000.0,1000,-117.59956868031928,49.533777545374264
26,1607000.0,539000.0,1000,-117.59793383715805,49.54271053187953
27,1607000.0,540000.0,1000,-117.59629836053807,49.5516433781251
28,1607000.0,541000.0,1000,-117.59466225009277,49.56057608425959
29,1607000.0,542000.0,1000,-117.59302550545542,49.56950865043188
30,1607000.0,543000.0,1000,-117.59138812625896,49.57844107679079
31,1607000.0,544000.0,1000,-117.58975011213604,49.58737336348519
32,1607000.0,545000.0,1000,-117.58811146271906,49.59630551066397
33,1608000.0,533000.0,1000,-117.59403708572472,49.48804556507977
34,1608000.0,534000.0,1000,-117.59240279166185,49.49697906293295
35,1608000.0,535000.0,1000,-117.59076786498632,49.50591241969034
36,1608000.0,536000.0,1000,-117.58913230533246,49.51484563550035
37,1608000.0,537000.0,1000,-117.5874961123343,49.52377871051149
38,1608000.0,538000.0,1000,-117.58585928562572,49.53271164487229
39,1608000.0,539000.0,1000,-117.58422182484018,49.54164443873127
40,1608000.0,540000.0,1000,-117.58258372961095,49.55057709223703
41,1608000.0,541000.0,1000,-117.58094499957096,49.55950960553829
42,1608000.0,542000.0,1000,-117.57930563435289,49.5684419787837
43,1608000.0,543000.0,1000,-117.57766563358916,49.577374212122166
44,1608000.0,544000.0,1000,-117.57602499691183,49.58630630570233
45,1608000.0,545000.0,1000,-117.57438372395279,49.59523825967316
46,1608000.0,546000.0,1000,-117.57274181434352,49.604170074183614
47,1609000.0,532000.0,1000,-117.58197766982194,49.47804544967315
48,1609000.0,533000.0,1000,-117.58034139664528,49.48697889638306
49,1609000.0,534000.0,1000,-117.57870449023989,49.49591220175559
50,1609000.0,535000.0,1000,-117.57706695023991,49.50484536593905
51,1609000.0,536000.0,1000,-117.57542877627913,49.51377838908178
52,1609000.0,537000.0,1000,-117.57378996799109,49.522711271332206
53,1609000.0,538000.0,1000,-117.57215052500904,49.531644012838804
54,1609000.0,539000.0,1000,-117.57051044696594,49.54057661375008
55,1609000.0,540000.0,1000,-117.56886973349452,49.549509074214505
56,1609000.0,541000.0,1000,-117.56722838422716,49.55844139438084
57,1609000.0,542000.0,1000,-117.565586398796,49.56737357439763
58,1609000.0,543000.0,1000,-117.56394377683286,49.57630561441359
59,1609000.0,544000.0,1000,-117.56230051796933,49.585237514577486
60,1609000.0,545000.0,1000,-117.56065662183667,49.59416927503811
61,1609000.0,546000.0,1000,-117.55901208806587,49.60310089594443
62,1609000.0,547000.0,1000,-117.55736691628766,49.61203237744518
63,1610000.0,531000.0,1000,-117.56992347529528,49.46804384814835
64,1610000.0,532000.0,1000,-117.56828522496671,49.47697724374927
65,1610000.0,533000.0,1000,-117.56664634079449,49.485910497771215
66,1610000.0,534000.0,1000,-117.56500682241247,49.49484361036244
67,1610000.0,535000.0,1000,-117.56336666945424,49.503776581671175
68,1610000.0,536000.0,1000,-117.56172588155302,49.512709411845734
69,1610000.0,537000.0,1000,-117.56008445834182,49.52164210103443
70,1610000.0,538000.0,1000,-117.55844239945333,49.53057464938561
71,1610000.0,539000.0,1000,-117.55679970452002,49.53950705704782
72,1610000.0,540000.0,1000,-117.555156373174,49.5484393241696
73,1610000.0,541000.0,1000,-117.55351240504713,49.55737145089926
74,1610000.0,542000.0,1000,-117.551867799771,49.56630343738558
75,1610000.0,543000.0,1000,-117.55022255697693,49.57523528377723
76,1610000.0,544000.0,1000,-117.54857667629591,49.5841669902228
77,1610000.0,545000.0,1000,-117.54693015735864,49.5930985568711
78,1610000.0,546000.0,1000,-117.54528299979562,49.60202998387093
79,1610000.0,547000.0,1000,-117.54363520323697,49.610961271371075
80,1610000.0,548000.0,1000,-117.5419867673126,49.61989241952048
81,1611000.0,530000.0,1000,-117.55787449945299,49.458040761089755
82,1611000.0,531000.0,1000,-117.55623427393273,49.46697410561621
83,1611000.0,532000.0,1000,-117.55459341395505,49.47590730832225
84,1611000.0,533000.0,1000,-117.55295191915346,49.48484036935585
85,1611000.0,534000.0,1000,-117.55130978916127,49.493773288865235
86,1611000.0,535000.0,1000,-117.54966702361146,49.502706066998556
87,1611000.0,536000.0,1000,-117.54802362213684,49.51163870390407
88,1611000.0,537000.0,1000,-117.54637958436977,49.52057119973003
89,1611000.0,538000.0,1000,-117.54473490994243,49.529503554624725
90,1611000.0,539000.0,1000,-117.54308959848674,49.53843576873663
91,1611000.0,540000.0,1000,-117.54144364963425,49.547367842214165
92,1611000.0,541000.0,1000,-117.53979706301631,49.55629977520578
93,1611000.0,542000.0,1000,-117.53814983826393,49.56523156785996
94,1611000.0,543000.0,1000,-117.5365019750079,49.57416322032546
95,1611000.0,544000.0,1000,-117.53485347287864,49.58309473275072
96,1611000.0,545000.0,1000,-117.53320433150633,49.592026105284525
97,1611000.0,546000.0,1000,-117.53155455052092,49.60095733807565
98,1611000.0,547000.0,1000,-117.52990412955198,49.609888431272736
99,1611000.0,548000.0,1000,-117.52825306822884,49.6188193850248
100,1612000.0,529000.0,1000,-117.54583073960437,49.44803618908109
101,1612000.0,530000.0,1000,-117.5441885408511,49.45696948256796
102,1612000.0,531000.0,1000,-117.54254570702761,49.46590263399288
103,1612000.0,532000.0,1000,-117.54090223776723,49.47483564350377
104,1612000.0,533000.0,1000,-117.53925813270298,49.48376851124867
105,1612000.0,534000.0,1000,-117.5376133914676,49.49270123737571
106,1612000.0,535000.0,1000,-117.53596801369353,49.501633822033
107,1612000.0,536000.0,1000,-117.53432199901302,49.510566265368716
108,1612000.0,537000.0,1000,-117.53267534705793,49.51949856753099
109,1612000.0,538000.0,1000,-117.53102805745986,49.52843072866824
110,1612000.0,539000.0,1000,-117.5293801298502,49.537362748928615
111,1612000.0,540000.0,1000,-117.52773156385993,49.54629462846066
112,1612000.0,541000.0,1000,-117.52608235911988,49.55522636741265
113,1612000.0,542000.0,1000,-117.5244325152605,49.56415796593318
114,1612000.0,543000.0,1000,-117.52278203191203,49.57308942417073
115,1612000.0,544000.0,1000,-117.52113090870435,49.582020742273826
116,1612000.0,545000.0,1000,-117.51947914526713,49.590951920391134
117,1612000.0,546000.0,1000,-117.51782674122968,49.5998829586713
118,1612000.0,547000.0,1000,-117.5161736962211,49.608813857263115
119,1613000.0,528000.0,1000,-117.53379219305992,49.43803013270549
120,1613000.0,529000.0,1000,-117.53214802303059,49.446963375187785
121,1613000.0,530000.0,1000,-117.53050321731936,49.45589647536669
122,1613000.0,531000.0,1000,-117.52885777555933,49.464829433389966
123,1613000.0,532000.0,1000,-117.52721169738324,49.473762249405624
124,1613000.0,533000.0,1000,-117.52556498242357,49.482694923561695
125,1613000.0,534000.0,1000,-117.52391763031254,49.49162745600599
126,1613000.0,535000.0,1000,-117.52226964068204,49.500559846886674
127,1613000.0,536000.0,1000,-117.52062101316376,49.50949209635184
128,1613000.0,537000.0,1000,-117.518971747389,49.51842420454968
129,1613000.0,538000.0,1000,-117.51732184298888,49.52735617162839
130,1613000.0,539000.0,1000,-117.51567129959416,49.53628799773619
131,1613000.0,540000.0,1000,-117.51402011683537,49.54521968302146
132,1613000.0,541000.0,1000,-117.51236829434272,49.55415122763252
133,1613000.0,542000.0,1000,-117.51071583174614,49.563082631717805
134,1613000.0,543000.0,1000,-117.5090627286753,49.572013895425705
135,1613000.0,544000.0,1000,-117.50740898475959,49.580945018904856
136,1613000.0,545000.0,1000,-117.50575459962806,49.58987600230373
137,1613000.0,546000.0,1000,-117.50409957290954,49.59880684577092
138,1613000.0,547000.0,1000,-117.50244390423255,49.60773754945519
139,1614000.0,529000.0,1000,-117.51846594213859,49.4458888330266
140,1614000.0,530000.0,1000,-117.5168185298364,49.454821739597726
141,1614000.0,531000.0,1000,-117.51517048050707,49.463754503919624
142,1614000.0,532000.0,1000,-117.51352179378276,49.472687126139995
143,1614000.0,533000.0,1000,-117.5118724692955,49.481619606406845
144,1614000.0,534000.0,1000,-117.51022250667687,49.490551944868045
145,1614000.0,535000.0,1000,-117.50857190555831,49.499484141671694
146,1614000.0,536000.0,1000,-117.50692066557089,49.50841619696577
147,1614000.0,537000.0,1000,-117.50526878634541,49.51734811089833
148,1614000.0,538000.0,1000,-117.50361626751243,49.52627988361768
149,1614000.0,539000.0,1000,-117.50196310870217,49.53521151527192
150,1614000.0,540000.0,1000,-117.5003093095446,49.54414300600918
151,1614000.0,541000.0,1000,-117.49865486966941,49.55307435597802
152,1614000.0,542000.0,1000,-117.49699978870599,49.56200556532656
153,1614000.0,543000.0,1000,-117.49534406628342,49.57093663420331
154,1614000.0,544000.0,1000,-117.49368770203057,49.57986756275671
155,1614000.0,545000.0,1000,-117.49203069557596,49.588798351135296
156,1614000.0,546000.0,1000,-117.49037304654784,49.597728999487465
157,1615000.0,531000.0,1000,-117.50148382284968,49.462677845693804
158,1615000.0,532000.0,1000,-117.49983252794524,49.471610273818925
159,1615000.0,533000.0,1000,-117.4981805942987,49.48054255989647
160,1615000.0,534000.0,1000,-117.49652802154111,49.48947470407434
161,1615000.0,535000.0,1000,-117.4948748093034,49.498406706500575
162,1615000.0,536000.0,1000,-117.49322095721602,49.507338567322975
163,1615000.0,537000.0,1000,-117.49156646490928,49.516270286689625
164,1615000.0,538000.0,1000,-117.4899113320132,49.52520186474875
165,1615000.0,539000.0,1000,-117.48825555815743,49.534133301648374
166,1615000.0,540000.0,1000,-117.48659914297144,49.543064597536734
167,1615000.0,541000.0,1000,-117.4849420860843,49.55199575256197
168,1615000.0,542000.0,1000,-117.48328438712491,49.56092676687244
169,1615000.0,543000.0,1000,-117.48162604572181,49.569857640616505
170,1615000.0,544000.0,1000,-117.47996706150329,49.578788373942565
171,1615000.0,545000.0,1000,-117.47830743409733,49.58771896699894
172,1615000.0,546000.0,1000,-117.47664716313163,49.596649419934245
173,1616000.0,531000.0,1000,-117.48779780356578,49.461599458824786
174,1616000.0,532000.0,1000,-117.48614390084981,49.47053169255475
175,1616000.0,533000.0,1000,-117.48448935841284,49.47946378414301
176,1616000.0,534000.0,1000,-117.4828341758855,49.48839573373738
177,1616000.0,535000.0,1000,-117.48117835289803,49.497327541485745
178,1616000.0,536000.0,1000,-117.47952188908046,49.506259207536054
179,1616000.0,537000.0,1000,-117.4778647840625,49.515190732036295
180,1616000.0,538000.0,1000,-117.47620703747361,49.5241221151344
181,1616000.0,539000.0,1000,-117.47454864894291,49.533053356978634
182,1616000.0,540000.0,1000,-117.47288961809932,49.54198445771688
183,1616000.0,541000.0,1000,-117.47122994457143,49.55091541749748
184,1616000.0,542000.0,1000,-117.4695696279875,49.55984623646858
185,1616000.0,543000.0,1000,-117.46790866797556,49.56877691477851
186,1616000.0,544000.0,1000,-117.46624706416338,49.57770745257553
187,1616000.0,545000.0,1000,-117.46458481617834,49.586637850008096
188,1617000.0,531000.0,1000,-117.47411242363367,49.46051934342503
189,1617000.0,532000.0,1000,-117.47245591347532,49.46945138246001
190,1617000.0,533000.0,1000,-117.47079876261739,49.47838327925896
191,1617000.0,534000.0,1000,-117.46914097068995,49.48731503396974
192,1617000.0,535000.0,1000,-117.46748253732274,49.496246646740126
193,1617000.0,536000.0,1000,-117.46582346214522,49.5051781177179
194,1617000.0,537000.0,1000,-117.46416374478659,49.51410944705112
195,1617000.0,538000.0,1000,-117.46250338487573,49.52304063488765
196,1617000.0,539000.0,1000,-117.46084238204125,49.53197168137555
197,1617000.0,540000.0,1000,-117.45918073591149,49.54090258666279
198,1617000.0,541000.0,1000,-117.4575184461145,49.54983335089762
199,1617000.0,542000.0,1000,-117.45585551227802,49.558763974228135
200,1617000.0,543000.0,1000,-117.45419193402952,49.56769445680259
201,1617000.0,544000.0,1000,-117.45252771099622,49.57662479876916
202,1617000.0,545000.0,1000,-117.45086284280501,49.585555000276216
203,1618000.0,532000.0,1000,-117.45876856680033,49.46836934364737
204,1618000.0,533000.0,1000,-117.4571088078914,49.47730104535722
205,1618000.0,534000.0,1000,-117.45544840693412,49.486232604884314
206,1618000.0,535000.0,1000,-117.45378736355771,49.49516402237648
207,1618000.0,536000.0,1000,-117.45212567739108,49.50409529798145
208,1618000.0,537000.0,1000,-117.45046334806285,49.51302643184717
209,1618000.0,538000.0,1000,-117.44880037520142,49.52195742412151
210,1618000.0,539000.0,1000,-117.44713675843481,49.53088827495241
211,1618000.0,540000.0,1000,-117.44547249739085,49.53981898448779
212,1618000.0,541000.0,1000,-117.443807591697,49.548749552875876
213,1618000.0,542000.0,1000,-117.4421420409805,49.55767998026465
214,1618000.0,543000.0,1000,-117.44047584486829,49.5666102668023
215,1618000.0,544000.0,1000,-117.43880900298697,49.575540412636975
216,1619000.0,534000.0,1000,-117.4417564855974,49.48514844659405
217,1619000.0,535000.0,1000,-117.44009283258286,49.4940796685079
218,1619000.0,536000.0,1000,-117.43842853579845,49.50301074843989
219,1619000.0,537000.0,1000,-117.43676359487232,49.51194168653776
220,1619000.0,538000.0,1000,-117.43509800943224,49.520872482949365
221,1619000.0,539000.0,1000,-117.4334317791057,49.5298031378226
222,1619000.0,540000.0,1000,-117.43176490352005,49.53873365130537
223,1619000.0,541000.0,1000,-117.43009738230214,49.54766402354572
224,1619000.0,542000.0,1000,-117.42842921507867,49.556594254691674
225,1619000.0,543000.0,1000,-117.42676040147606,49.56552434489129
226,1620000.0,534000.0,1000,-117.42806520765885,49.48406255921213
227,1620000.0,535000.0,1000,-117.4263989453778,49.49299358524772
228,1620000.0,536000.0,1000,-117.42473203834754,49.50192446920649
229,1620000.0,537000.0,1000,-117.42306448619564,49.5108552112362
230,1620000.0,538000.0,1000,-117.42139628854939,49.519785811484645
231,1620000.0,539000.0,1000,-117.41972744503575,49.52871627009967
232,1620000.0,540000.0,1000,-117.41805795528138,49.53764658722909
233,1620000.0,541000.0,1000,-117.41638781891277,49.5465767630209
234,1620000.0,542000.0,1000,-117.41471703555598,49.55550679762303
235,1621000.0,534000.0,1000,-117.41437457409728,49.48297494285192
236,1621000.0,535000.0,1000,-117.41270570292191,49.491905772709245
237,1621000.0,536000.0,1000,-117.41103618601822,49.500836460394765
238,1621000.0,537000.0,1000,-117.4093660230133,49.50976700605611
239,1621000.0,538000.0,1000,-117.40769521353388,49.51869740984101
240,1621000.0,539000.0,1000,-117.40602375720641,49.527627671897314
241,1621000.0,540000.0,1000,-117.40435165365696,49.536557792372804
242,1621000.0,541000.0,1000,-117.40267890251148,49.54548777141522
243,1621000.0,542000.0,1000,-117.40100550339552,49.554417609172695
244,1622000.0,535000.0,1000,-117.3990131061942,49.49081623100606
245,1622000.0,536000.0,1000,-117.39734097979012,49.49974672211832
246,1622000.0,537000.0,1000,-117.39566820630546,49.50867707111115
247,1622000.0,538000.0,1000,-117.39399478536644,49.517607278132324
248,1622000.0,539000.0,1000,-117.39232071659893,49.526537343329444
249,1622000.0,540000.0,1000,-117.39064599962857,49.535467266850354
250,1622000.0,541000.0,1000,-117.38897063408065,49.54439704884278
251,1623000.0,534000.0,1000,-117.38699524401895,49.480794523650665
252,1623000.0,535000.0,1000,-117.38532115617348,49.489724960251976
253,1623000.0,536000.0,1000,-117.38364642064249,49.49865525449104
254,1623000.0,537000.0,1000,-117.38197103705191,49.50758540651526
255,1623000.0,538000.0,1000,-117.3802950050274,49.51651541647247
256,1624000.0,535000.0,1000,-117.37162985383826,49.48863196056084
257,1624000.0,536000.0,1000,-117.36995250955444,49.49756205762688
