run_id,weather_index,scenario,fire_number,fire_year,fire_cause,ignition_lat,ignition_lon,cell_id
1,1,404_P90_20180820_24H_PREVAILING,1,,,49.54589841921097,-117.63907367092304,227876
2,1,404_P90_20180820_24H_PREVAILING,2,,,49.55483184186568,-117.63744605232752,204380
3,1,404_P90_20180820_24H_PREVAILING,3,,,49.56376512468906,-117.6358178028648,180172
4,1,404_P90_20180820_24H_PREVAILING,4,,,49.57269826783012,-117.6341889221698,156676
5,1,404_P90_20180820_24H_PREVAILING,5,,,49.52697064022217,-117.62861834369086,274902
6,1,404_P90_20180820_24H_PREVAILING,6,,,49.53590415133754,-117.62698936799933,251406
7,1,404_P90_20180820_24H_PREVAILING,7,,,49.54483752223079,-117.62535976118482,227910
8,1,404_P90_20180820_24H_PREVAILING,8,,,49.553770753050905,-117.62372952288224,203701
9,1,404_P90_20180820_24H_PREVAILING,9,,,49.56270384394659,-117.62209865272614,180206
10,1,404_P90_20180820_24H_PREVAILING,10,,,49.571636795066745,-117.62046715035088,156709
11,1,404_P90_20180820_24H_PREVAILING,11,,,49.580569606560424,-117.61883501539046,132501
12,1,404_P90_20180820_24H_PREVAILING,12,,,49.516974935438874,-117.61654126248845,298432
13,1,404_P90_20180820_24H_PREVAILING,13,,,49.52590839506798,-117.61491030116818,274935
14,1,404_P90_20180820_24H_PREVAILING,14,,,49.53484171423316,-117.61327870810538,251439
15,1,404_P90_20180820_24H_PREVAILING,15,,,49.543774893083246,-117.61164648293469,227943
16,1,404_P90_20180820_24H_PREVAILING,16,,,49.55270793176693,-117.61001362529039,203735
17,1,404_P90_20180820_24H_PREVAILING,17,,,49.56164083043292,-117.60838013480661,180239
18,1,404_P90_20180820_24H_PREVAILING,18,,,49.570573589230115,-117.60674601111705,156743
19,1,404_P90_20180820_24H_PREVAILING,19,,,49.57950620830749,-117.6051112538552,133247
20,1,404_P90_20180820_24H_PREVAILING,20,,,49.588438687813834,-117.6034758626543,109039
21,1,404_P90_20180820_24H_PREVAILING,21,,,49.49804419378307,-117.60610172569649,346880
22,1,404_P90_20180820_24H_PREVAILING,22,,,49.50697774281353,-117.60446941271104,322672
23,1,404_P90_20180820_24H_PREVAILING,23,,,49.51591115098986,-117.60283646772999,299176
24,1,404_P90_20180820_24H_PREVAILING,24,,,49.524844418460624,-117.60120289038794,274968
25,1,404_P90_20180820_24H_PREVAILING,25,,,49.533777545374264,-117.59956868031928,251472
26,1,404_P90_20180820_24H_PREVAILING,26,,,49.54271053187953,-117.59793383715805,227976
27,1,404_P90_20180820_24H_PREVAILING,27,,,49.5516433781251,-117.59629836053807,203768
28,1,404_P90_20180820_24H_PREVAILING,28,,,49.56057608425959,-117.59466225009277,180272
29,1,404_P90_20180820_24H_PREVAILING,29,,,49.56950865043188,-117.59302550545542,156776
30,1,404_P90_20180820_24H_PREVAILING,30,,,49.57844107679079,-117.59138812625896,132568
31,1,404_P90_20180820_24H_PREVAILING,31,,,49.58737336348519,-117.58975011213604,109072
32,1,404_P90_20180820_24H_PREVAILING,32,,,49.59630551066397,-117.58811146271906,84863
33,1,404_P90_20180820_24H_PREVAILING,33,,,49.48804556507977,-117.59403708572472,370409
34,1,404_P90_20180820_24H_PREVAILING,34,,,49.49697906293295,-117.59240279166185,346914
35,1,404_P90_20180820_24H_PREVAILING,35,,,49.50591241969034,-117.59076786498632,322706
36,1,404_P90_20180820_24H_PREVAILING,36,,,49.51484563550035,-117.58913230533246,299210
37,1,404_P90_20180820_24H_PREVAILING,37,,,49.52377871051149,-117.5874961123343,275714
38,1,404_P90_20180820_24H_PREVAILING,38,,,49.53271164487229,-117.58585928562572,251505
39,1,404_P90_20180820_24H_PREVAILING,39,,,49.54164443873127,-117.58422182484018,228010
40,1,404_P90_20180820_24H_PREVAILING,40,,,49.55057709223703,-117.58258372961095,203801
41,1,404_P90_20180820_24H_PREVAILING,41,,,49.55950960553829,-117.58094499957096,180305
42,1,404_P90_20180820_24H_PREVAILING,42,,,49.5684419787837,-117.57930563435289,156810
43,1,404_P90_20180820_24H_PREVAILING,43,,,49.577374212122166,-117.57766563358916,132601
44,1,404_P90_20180820_24H_PREVAILING,44,,,49.58630630570233,-117.57602499691183,109106
45,1,404_P90_20180820_24H_PREVAILING,45,,,49.59523825967316,-117.57438372395279,85610
46,1,404_P90_20180820_24H_PREVAILING,46,,,49.604170074183614,-117.57274181434352,60689
47,1,404_P90_20180820_24H_PREVAILING,47,,,49.47804544967315,-117.58197766982194,393939
48,1,404_P90_20180820_24H_PREVAILING,48,,,49.48697889638306,-117.58034139664528,369730
49,1,404_P90_20180820_24H_PREVAILING,49,,,49.49591220175559,-117.57870449023989,346947
50,1,404_P90_20180820_24H_PREVAILING,50,,,49.50484536593905,-117.57706695023991,322739
51,1,404_P90_20180820_24H_PREVAILING,51,,,49.51377838908178,-117.57542877627913,299243
52,1,404_P90_20180820_24H_PREVAILING,52,,,49.522711271332206,-117.57378996799109,275747
53,1,404_P90_20180820_24H_PREVAILING,53,,,49.531644012838804,-117.57215052500904,251539
54,1,404_P90_20180820_24H_PREVAILING,54,,,49.54057661375008,-117.57051044696594,228043
55,1,404_P90_20180820_24H_PREVAILING,55,,,49.549509074214505,-117.56886973349452,204547
56,1,404_P90_20180820_24H_PREVAILING,56,,,49.55844139438084,-117.56722838422716,180339
57,1,404_P90_20180820_24H_PREVAILING,57,,,49.56737357439763,-117.565586398796,157554
58,1,404_P90_20180820_24H_PREVAILING,58,,,49.57630561441359,-117.56394377683286,132635
59,1,404_P90_20180820_24H_PREVAILING,59,,,49.585237514577486,-117.56230051796933,109139
60,1,404_P90_20180820_24H_PREVAILING,60,,,49.59416927503811,-117.56065662183667,85643
61,1,404_P90_20180820_24H_PREVAILING,61,,,49.60310089594443,-117.55901208806587,62147
62,1,404_P90_20180820_24H_PREVAILING,62,,,49.61203237744518,-117.55736691628766,37939
63,1,404_P90_20180820_24H_PREVAILING,63,,,49.46804384814835,-117.56992347529528,417468
64,1,404_P90_20180820_24H_PREVAILING,64,,,49.47697724374927,-117.56828522496671,393972
65,1,404_P90_20180820_24H_PREVAILING,65,,,49.485910497771215,-117.56664634079449,370476
66,1,404_P90_20180820_24H_PREVAILING,66,,,49.49484361036244,-117.56500682241247,346268
67,1,404_P90_20180820_24H_PREVAILING,67,,,49.503776581671175,-117.56336666945424,322772
68,1,404_P90_20180820_24H_PREVAILING,68,,,49.512709411845734,-117.56172588155302,299276
69,1,404_P90_20180820_24H_PREVAILING,69,,,49.52164210103443,-117.56008445834182,275068
70,1,404_P90_20180820_24H_PREVAILING,70,,,49.53057464938561,-117.55844239945333,251572
71,1,404_P90_20180820_24H_PREVAILING,71,,,49.53950705704782,-117.55679970452002,228076
72,1,404_P90_20180820_24H_PREVAILING,72,,,49.5484393241696,-117.555156373174,203868
73,1,404_P90_20180820_24H_PREVAILING,73,,,49.55737145089926,-117.55351240504713,180372
74,1,404_P90_20180820_24H_PREVAILING,74,,,49.56630343738558,-117.551867799771,156876
75,1,404_P90_20180820_24H_PREVAILING,75,,,49.57523528377723,-117.55022255697693,133380
76,1,404_P90_20180820_24H_PREVAILING,76,,,49.5841669902228,-117.54857667629591,109172
77,1,404_P90_20180820_24H_PREVAILING,77,,,49.5930985568711,-117.54693015735864,85676
78,1,404_P90_20180820_24H_PREVAILING,78,,,49.60202998387093,-117.54528299979562,62180
79,1,404_P90_20180820_24H_PREVAILING,79,,,49.610961271371075,-117.54363520323697,37259
80,1,404_P90_20180820_24H_PREVAILING,80,,,49.61989241952048,-117.5419867673126,14476
81,1,404_P90_20180820_24H_PREVAILING,81,,,49.458040761089755,-117.55787449945299,441709
82,1,404_P90_20180820_24H_PREVAILING,82,,,49.46697410561621,-117.55623427393273,418214
83,1,404_P90_20180820_24H_PREVAILING,83,,,49.47590730832225,-117.55459341395505,394005
84,1,404_P90_20180820_24H_PREVAILING,84,,,49.48484036935585,-117.55295191915346,370509
85,1,404_P90_20180820_24H_PREVAILING,85,,,49.493773288865235,-117.55130978916127,346301
86,1,404_P90_20180820_24H_PREVAILING,86,,,49.502706066998556,-117.54966702361146,322806
87,1,404_P90_20180820_24H_PREVAILING,87,,,49.51163870390407,-117.54802362213684,299309
88,1,404_P90_20180820_24H_PREVAILING,88,,,49.52057119973003,-117.54637958436977,275101
89,1,404_P90_20180820_24H_PREVAILING,89,,,49.529503554624725,-117.54473490994243,251606
90,1,404_P90_20180820_24H_PREVAILING,90,,,49.53843576873663,-117.54308959848674,228109
91,1,404_P90_20180820_24H_PREVAILING,91,,,49.547367842214165,-117.54144364963425,204614
92,1,404_P90_20180820_24H_PREVAILING,92,,,49.55629977520578,-117.53979706301631,180406
93,1,404_P90_20180820_24H_PREVAILING,93,,,49.56523156785996,-117.53814983826393,156910
94,1,404_P90_20180820_24H_PREVAILING,94,,,49.57416322032546,-117.5365019750079,132702
95,1,404_P90_20180820_24H_PREVAILING,95,,,49.58309473275072,-117.53485347287864,109206
96,1,404_P90_20180820_24H_PREVAILING,96,,,49.592026105284525,-117.53320433150633,85710
97,1,404_P90_20180820_24H_PREVAILING,97,,,49.60095733807565,-117.53155455052092,61501
98,1,404_P90_20180820_24H_PREVAILING,98,,,49.609888431272736,-117.52990412955198,38005
99,1,404_P90_20180820_24H_PREVAILING,99,,,49.6188193850248,-117.52825306822884,14509
100,1,404_P90_20180820_24H_PREVAILING,100,,,49.44803618908109,-117.54583073960437,465239
101,1,404_P90_20180820_24H_PREVAILING,101,,,49.45696948256796,-117.5441885408511,441743
102,1,404_P90_20180820_24H_PREVAILING,102,,,49.46590263399288,-117.54254570702761,417535
103,1,404_P90_20180820_24H_PREVAILING,103,,,49.47483564350377,-117.54090223776723,394039
104,1,404_P90_20180820_24H_PREVAILING,104,,,49.48376851124867,-117.53925813270298,370543
105,1,404_P90_20180820_24H_PREVAILING,105,,,49.49270123737571,-117.5376133914676,346335
106,1,404_P90_20180820_24H_PREVAILING,106,,,49.501633822033,-117.53596801369353,322839
107,1,404_P90_20180820_24H_PREVAILING,107,,,49.510566265368716,-117.53432199901302,299343
108,1,404_P90_20180820_24H_PREVAILING,108,,,49.51949856753099,-117.53267534705793,275847
109,1,404_P90_20180820_24H_PREVAILING,109,,,49.52843072866824,-117.53102805745986,251639
110,1,404_P90_20180820_24H_PREVAILING,110,,,49.537362748928615,-117.5293801298502,228143
111,1,404_P90_20180820_24H_PREVAILING,111,,,49.54629462846066,-117.52773156385993,204647
112,1,404_P90_20180820_24H_PREVAILING,112,,,49.55522636741265,-117.52608235911988,180439
113,1,404_P90_20180820_24H_PREVAILING,113,,,49.56415796593318,-117.5244325152605,156943
114,1,404_P90_20180820_24H_PREVAILING,114,,,49.57308942417073,-117.52278203191203,132735
115,1,404_P90_20180820_24H_PREVAILING,115,,,49.582020742273826,-117.52113090870435,109239
116,1,404_P90_20180820_24H_PREVAILING,116,,,49.590951920391134,-117.51947914526713,86454
117,1,404_P90_20180820_24H_PREVAILING,117,,,49.5998829586713,-117.51782674122968,61535
118,1,404_P90_20180820_24H_PREVAILING,118,,,49.608813857263115,-117.5161736962211,38039
119,1,404_P90_20180820_24H_PREVAILING,119,,,49.43803013270549,-117.53379219305992,488056
120,1,404_P90_20180820_24H_PREVAILING,120,,,49.446963375187785,-117.53214802303059,465272
121,1,404_P90_20180820_24H_PREVAILING,121,,,49.45589647536669,-117.53050321731936,441776
122,1,404_P90_20180820_24H_PREVAILING,122,,,49.464829433389966,-117.52885777555933,418280
123,1,404_P90_20180820_24H_PREVAILING,123,,,49.473762249405624,-117.52721169738324,394072
124,1,404_P90_20180820_24H_PREVAILING,124,,,49.482694923561695,-117.52556498242357,370576
125,1,404_P90_20180820_24H_PREVAILING,125,,,49.49162745600599,-117.52391763031254,346368
126,1,404_P90_20180820_24H_PREVAILING,126,,,49.500559846886674,-117.52226964068204,322872
127,1,404_P90_20180820_24H_PREVAILING,127,,,49.50949209635184,-117.52062101316376,299376
128,1,404_P90_20180820_24H_PREVAILING,128,,,49.51842420454968,-117.518971747389,275168
129,1,404_P90_20180820_24H_PREVAILING,129,,,49.52735617162839,-117.51732184298888,251672
130,1,404_P90_20180820_24H_PREVAILING,130,,,49.53628799773619,-117.51567129959416,228176
131,1,404_P90_20180820_24H_PREVAILING,131,,,49.54521968302146,-117.51402011683537,203968
132,1,404_P90_20180820_24H_PREVAILING,132,,,49.55415122763252,-117.51236829434272,180472
133,1,404_P90_20180820_24H_PREVAILING,133,,,49.563082631717805,-117.51071583174614,156976
134,1,404_P90_20180820_24H_PREVAILING,134,,,49.572013895425705,-117.5090627286753,133480
135,1,404_P90_20180820_24H_PREVAILING,135,,,49.580945018904856,-117.50740898475959,109272
136,1,404_P90_20180820_24H_PREVAILING,136,,,49.58987600230373,-117.50575459962806,85776
137,1,404_P90_20180820_24H_PREVAILING,137,,,49.59880684577092,-117.50409957290954,61568
138,1,404_P90_20180820_24H_PREVAILING,138,,,49.60773754945519,-117.50244390423255,38072
139,1,404_P90_20180820_24H_PREVAILING,139,,,49.4458888330266,-117.51846594213859,465306
140,1,404_P90_20180820_24H_PREVAILING,140,,,49.454821739597726,-117.5168185298364,442521
141,1,404_P90_20180820_24H_PREVAILING,141,,,49.463754503919624,-117.51517048050707,417601
142,1,404_P90_20180820_24H_PREVAILING,142,,,49.472687126139995,-117.51352179378276,394106
143,1,404_P90_20180820_24H_PREVAILING,143,,,49.481619606406845,-117.5118724692955,370609
144,1,404_P90_20180820_24H_PREVAILING,144,,,49.490551944868045,-117.51022250667687,347114
145,1,404_P90_20180820_24H_PREVAILING,145,,,49.499484141671694,-117.50857190555831,322193
146,1,404_P90_20180820_24H_PREVAILING,146,,,49.50841619696577,-117.50692066557089,299409
147,1,404_P90_20180820_24H_PREVAILING,147,,,49.51734811089833,-117.50526878634541,275914
148,1,404_P90_20180820_24H_PREVAILING,148,,,49.52627988361768,-117.50361626751243,251706
149,1,404_P90_20180820_24H_PREVAILING,149,,,49.53521151527192,-117.50196310870217,228210
150,1,404_P90_20180820_24H_PREVAILING,150,,,49.54414300600918,-117.5003093095446,204714
151,1,404_P90_20180820_24H_PREVAILING,151,,,49.55307435597802,-117.49865486966941,180506
152,1,404_P90_20180820_24H_PREVAILING,152,,,49.56200556532656,-117.49699978870599,157009
153,1,404_P90_20180820_24H_PREVAILING,153,,,49.57093663420331,-117.49534406628342,133514
154,1,404_P90_20180820_24H_PREVAILING,154,,,49.57986756275671,-117.49368770203057,109306
155,1,404_P90_20180820_24H_PREVAILING,155,,,49.588798351135296,-117.49203069557596,85810
156,1,404_P90_20180820_24H_PREVAILING,156,,,49.597728999487465,-117.49037304654784,62314
157,1,404_P90_20180820_24H_PREVAILING,157,,,49.462677845693804,-117.50148382284968,418347
158,1,404_P90_20180820_24H_PREVAILING,158,,,49.471610273818925,-117.49983252794524,394139
159,1,404_P90_20180820_24H_PREVAILING,159,,,49.48054255989647,-117.4981805942987,370643
160,1,404_P90_20180820_24H_PREVAILING,160,,,49.48947470407434,-117.49652802154111,347147
161,1,404_P90_20180820_24H_PREVAILING,161,,,49.498406706500575,-117.4948748093034,322939
162,1,404_P90_20180820_24H_PREVAILING,162,,,49.507338567322975,-117.49322095721602,299443
163,1,404_P90_20180820_24H_PREVAILING,163,,,49.516270286689625,-117.49156646490928,275947
164,1,404_P90_20180820_24H_PREVAILING,164,,,49.52520186474875,-117.4899113320132,251739
165,1,404_P90_20180820_24H_PREVAILING,165,,,49.534133301648374,-117.48825555815743,228243
166,1,404_P90_20180820_24H_PREVAILING,166,,,49.543064597536734,-117.48659914297144,204747
167,1,404_P90_20180820_24H_PREVAILING,167,,,49.55199575256197,-117.4849420860843,180539
168,1,404_P90_20180820_24H_PREVAILING,168,,,49.56092676687244,-117.48328438712491,157043
169,1,404_P90_20180820_24H_PREVAILING,169,,,49.569857640616505,-117.48162604572181,132835
170,1,404_P90_20180820_24H_PREVAILING,170,,,49.578788373942565,-117.47996706150329,109339
171,1,404_P90_20180820_24H_PREVAILING,171,,,49.58771896699894,-117.47830743409733,85843
172,1,404_P90_20180820_24H_PREVAILING,172,,,49.596649419934245,-117.47664716313163,62347
173,1,404_P90_20180820_24H_PREVAILING,173,,,49.461599458824786,-117.48779780356578,419091
174,1,404_P90_20180820_24H_PREVAILING,174,,,49.47053169255475,-117.48614390084981,393459
175,1,404_P90_20180820_24H_PREVAILING,175,,,49.47946378414301,-117.48448935841284,370676
176,1,404_P90_20180820_24H_PREVAILING,176,,,49.48839573373738,-117.4828341758855,347180
177,1,404_P90_20180820_24H_PREVAILING,177,,,49.497327541485745,-117.48117835289803,322972
178,1,404_P90_20180820_24H_PREVAILING,178,,,49.506259207536054,-117.47952188908046,299476
179,1,404_P90_20180820_24H_PREVAILING,179,,,49.515190732036295,-117.4778647840625,275268
180,1,404_P90_20180820_24H_PREVAILING,180,,,49.5241221151344,-117.47620703747361,251772
181,1,404_P90_20180820_24H_PREVAILING,181,,,49.533053356978634,-117.47454864894291,228276
182,1,404_P90_20180820_24H_PREVAILING,182,,,49.54198445771688,-117.47288961809932,204780
183,1,404_P90_20180820_24H_PREVAILING,183,,,49.55091541749748,-117.47122994457143,180572
184,1,404_P90_20180820_24H_PREVAILING,184,,,49.55984623646858,-117.4695696279875,157076
185,1,404_P90_20180820_24H_PREVAILING,185,,,49.56877691477851,-117.46790866797556,133580
186,1,404_P90_20180820_24H_PREVAILING,186,,,49.57770745257553,-117.46624706416338,109372
187,1,404_P90_20180820_24H_PREVAILING,187,,,49.586637850008096,-117.46458481617834,85876
188,1,404_P90_20180820_24H_PREVAILING,188,,,49.46051934342503,-117.47411242363367,418413
189,1,404_P90_20180820_24H_PREVAILING,189,,,49.46945138246001,-117.47245591347532,393492
190,1,404_P90_20180820_24H_PREVAILING,190,,,49.47838327925896,-117.47079876261739,370710
191,1,404_P90_20180820_24H_PREVAILING,191,,,49.48731503396974,-117.46914097068995,347214
192,1,404_P90_20180820_24H_PREVAILING,192,,,49.496246646740126,-117.46748253732274,323005
193,1,404_P90_20180820_24H_PREVAILING,193,,,49.5051781177179,-117.46582346214522,299510
194,1,404_P90_20180820_24H_PREVAILING,194,,,49.51410944705112,-117.46416374478659,275301
195,1,404_P90_20180820_24H_PREVAILING,195,,,49.52304063488765,-117.46250338487573,251805
196,1,404_P90_20180820_24H_PREVAILING,196,,,49.53197168137555,-117.46084238204125,228310
197,1,404_P90_20180820_24H_PREVAILING,197,,,49.54090258666279,-117.45918073591149,204814
198,1,404_P90_20180820_24H_PREVAILING,198,,,49.54983335089762,-117.4575184461145,180605
199,1,404_P90_20180820_24H_PREVAILING,199,,,49.558763974228135,-117.45585551227802,157110
200,1,404_P90_20180820_24H_PREVAILING,200,,,49.56769445680259,-117.45419193402952,132902
201,1,404_P90_20180820_24H_PREVAILING,201,,,49.57662479876916,-117.45252771099622,109406
202,1,404_P90_20180820_24H_PREVAILING,202,,,49.585555000276216,-117.45086284280501,85909
203,1,404_P90_20180820_24H_PREVAILING,203,,,49.46836934364737,-117.45876856680033,394239
204,1,404_P90_20180820_24H_PREVAILING,204,,,49.47730104535722,-117.4571088078914,370743
205,1,404_P90_20180820_24H_PREVAILING,205,,,49.486232604884314,-117.45544840693412,346535
206,1,404_P90_20180820_24H_PREVAILING,206,,,49.49516402237648,-117.45378736355771,323039
207,1,404_P90_20180820_24H_PREVAILING,207,,,49.50409529798145,-117.45212567739108,299543
208,1,404_P90_20180820_24H_PREVAILING,208,,,49.51302643184717,-117.45046334806285,275335
209,1,404_P90_20180820_24H_PREVAILING,209,,,49.52195742412151,-117.44880037520142,251839
210,1,404_P90_20180820_24H_PREVAILING,210,,,49.53088827495241,-117.44713675843481,228343
211,1,404_P90_20180820_24H_PREVAILING,211,,,49.53981898448779,-117.44547249739085,204847
212,1,404_P90_20180820_24H_PREVAILING,212,,,49.548749552875876,-117.443807591697,180639
213,1,404_P90_20180820_24H_PREVAILING,213,,,49.55767998026465,-117.4421420409805,157143
214,1,404_P90_20180820_24H_PREVAILING,214,,,49.5666102668023,-117.44047584486829,132935
215,1,404_P90_20180820_24H_PREVAILING,215,,,49.575540412636975,-117.43880900298697,109439
216,1,404_P90_20180820_24H_PREVAILING,216,,,49.48514844659405,-117.4417564855974,350835
217,1,404_P90_20180820_24H_PREVAILING,217,,,49.4940796685079,-117.44009283258286,323072
218,1,404_P90_20180820_24H_PREVAILING,218,,,49.50301074843989,-117.43842853579845,299576
219,1,404_P90_20180820_24H_PREVAILING,219,,,49.51194168653776,-117.43676359487232,275368
220,1,404_P90_20180820_24H_PREVAILING,220,,,49.520872482949365,-117.43509800943224,251872
221,1,404_P90_20180820_24H_PREVAILING,221,,,49.5298031378226,-117.4334317791057,228376
222,1,404_P90_20180820_24H_PREVAILING,222,,,49.53873365130537,-117.43176490352005,204168
223,1,404_P90_20180820_24H_PREVAILING,223,,,49.54766402354572,-117.43009738230214,180672
224,1,404_P90_20180820_24H_PREVAILING,224,,,49.556594254691674,-117.42842921507867,157176
225,1,404_P90_20180820_24H_PREVAILING,225,,,49.56552434489129,-117.42676040147606,133680
226,1,404_P90_20180820_24H_PREVAILING,226,,,49.48406255921213,-117.42806520765885,350869
227,1,404_P90_20180820_24H_PREVAILING,227,,,49.49299358524772,-117.4263989453778,323105
228,1,404_P90_20180820_24H_PREVAILING,228,,,49.50192446920649,-117.42473203834754,299610
229,1,404_P90_20180820_24H_PREVAILING,229,,,49.5108552112362,-117.42306448619564,275402
230,1,404_P90_20180820_24H_PREVAILING,230,,,49.519785811484645,-117.42139628854939,251906
231,1,404_P90_20180820_24H_PREVAILING,231,,,49.52871627009967,-117.41972744503575,228409
232,1,404_P90_20180820_24H_PREVAILING,232,,,49.53764658722909,-117.41805795528138,204202
233,1,404_P90_20180820_24H_PREVAILING,233,,,49.5465767630209,-117.41638781891277,180705
234,1,404_P90_20180820_24H_PREVAILING,234,,,49.55550679762303,-117.41471703555598,157209
235,1,404_P90_20180820_24H_PREVAILING,235,,,49.48297494285192,-117.41437457409728,347347
236,1,404_P90_20180820_24H_PREVAILING,236,,,49.491905772709245,-117.41270570292191,323139
237,1,404_P90_20180820_24H_PREVAILING,237,,,49.500836460394765,-117.41103618601822,299643
238,1,404_P90_20180820_24H_PREVAILING,238,,,49.50976700605611,-117.4093660230133,276147
239,1,404_P90_20180820_24H_PREVAILING,239,,,49.51869740984101,-117.40769521353388,251939
240,1,404_P90_20180820_24H_PREVAILING,240,,,49.527627671897314,-117.40602375720641,228443
241,1,404_P90_20180820_24H_PREVAILING,241,,,49.536557792372804,-117.40435165365696,204235
242,1,404_P90_20180820_24H_PREVAILING,242,,,49.54548777141522,-117.40267890251148,180739
243,1,404_P90_20180820_24H_PREVAILING,243,,,49.554417609172695,-117.40100550339552,157243
244,1,404_P90_20180820_24H_PREVAILING,244,,,49.49081623100606,-117.3990131061942,324595
245,1,404_P90_20180820_24H_PREVAILING,245,,,49.49974672211832,-117.39734097979012,298965
246,1,404_P90_20180820_24H_PREVAILING,246,,,49.50867707111115,-117.39566820630546,274757
247,1,404_P90_20180820_24H_PREVAILING,247,,,49.517607278132324,-117.39399478536644,251972
248,1,404_P90_20180820_24H_PREVAILING,248,,,49.526537343329444,-117.39232071659893,228476
249,1,404_P90_20180820_24H_PREVAILING,249,,,49.535467266850354,-117.39064599962857,204268
250,1,404_P90_20180820_24H_PREVAILING,250,,,49.54439704884278,-117.38897063408065,180772
251,1,404_P90_20180820_24H_PREVAILING,251,,,49.480794523650665,-117.38699524401895,347414
252,1,404_P90_20180820_24H_PREVAILING,252,,,49.489724960251976,-117.38532115617348,318222
253,1,404_P90_20180820_24H_PREVAILING,253,,,49.49865525449104,-117.38364642064249,299710
254,1,404_P90_20180820_24H_PREVAILING,254,,,49.50758540651526,-117.38197103705191,276214
255,1,404_P90_20180820_24H_PREVAILING,255,,,49.51651541647247,-117.3802950050274,252005
256,1,404_P90_20180820_24H_PREVAILING,256,,,49.48863196056084,-117.37162985383826,323239
257,1,404_P90_20180820_24H_PREVAILING,257,,,49.49756205762688,-117.36995250955444,301166
